"id","createdOn","modifiedOn","active","name","flavour","fundingProviderId"
"3","2017-08-08T12:00:00","2017-08-08T12:00:00","0","CSO (Community Colleges)","3","NULL"
"4","2017-08-08T12:00:00","2017-08-08T12:00:00","0","STSOnline (NSW)","4","NULL"
"5","2017-08-08T12:00:00","2017-08-08T12:00:00","0","DETConnect (Queensland)","5","NULL"
"6","2017-08-08T12:00:00","2017-08-08T12:00:00","0","STELA (South Australia)","6","NULL"
"7","2017-08-08T12:00:00","2017-08-08T12:00:00","0","Skills Tasmania","7","NULL"
"8","2017-08-08T12:00:00","2017-08-08T12:00:00","0","Skills Victoria","8","NULL"
"9","2017-08-08T12:00:00","2017-08-08T12:00:00","0","STARS (WA)","9","NULL"
"11","2017-08-08T12:00:00","2017-08-08T12:00:00","0","WA RAPT","11","NULL"
"12","2017-08-08T12:00:00","2017-08-08T12:00:00","0","Northern Territories VET Provider Portal","12","NULL"
"13","2017-08-08T12:00:00","2017-08-08T12:00:00","0","AVETARS (ACT)","13","NULL"
